product_name,code,created_t,last_modified_t,categories,categories_tags,brands,brands_tags,origins,manufacturing_places,countries,nutrition_grade_fr,main_category,ingredients_text,traces,energy-kcal_100g,proteins_100g,carbohydrates_100g,fat_100g,carbon-footprint_100g
"","3274080005003","1343503270","1730045456","Boissons et préparations de boissons,Boissons,Eaux,Eaux de sources","['en:beverages-and-beverages-preparations', 'en:beverages', 'en:waters', 'en:spring-waters']","Cristaline","['cristaline']","France,Saint-Martin de Gurson","Saint-Martin de Gurson,France,24610","Belgique,Côte d'Ivoire,France,Allemagne,Guadeloupe,Italie,Luxembourg,Mali,Martinique,Nouvelle-Calédonie,Suisse,Royaume-Uni","a","","مياه الينابيع","","","","","",""
"Galletas de Chocolate Príncipe","7622210449283","1443988064","1730974401","Snacks,Snacks sucrés,Cacao et dérivés","['en:snacks', 'en:sweet-snacks', 'en:cocoa-and-its-products']","Lu,Mondelez","['lu', 'mondelez']","","","Algeria,Belgium,France,French Polynesia,Germany,Guadeloupe,Hungary,Luxembourg,Martinique,Morocco,New Caledonia,Réunion,Spain,Switzerland,United States","d","","Cereal 50.7% (_wheat_ flour 35%, _whole_wheat_ flour 15.7%), sugar, vegetable oils (palm, rapeseed), low-fat cocoa powder 4.5%, glucose syrup, _wheat_ starch, raising agents (ammonium bicarbonate, baking soda, disodium diphosphate), emulsifier (soy lecithin, sunflower lecithin), salt, skimmed _milk_ powder, lactose and _milk_ protein, flavourings. May contain _egg_.","en:eggs","467","6.3","69","17",""
"Nutella","3017620425035","1532452519","1730778355","Breakfasts,Spreads,Sweet spreads,fr:Pâtes à tartiner,Hazelnut spreads,Chocolate spreads,Cocoa and hazelnuts spreads","['en:breakfasts', 'en:spreads', 'en:sweet-spreads', 'fr:pates-a-tartiner', 'en:hazelnut-spreads', 'en:chocolate-spreads', 'en:cocoa-and-hazelnuts-spreads']","Ferrero","['ferrero']","","Chine,France","Algeria,Belgium,France,Germany,Guadeloupe,Italy,Luxembourg,Martinique,Morocco,Réunion,Spain,Switzerland,Tunisia,United Kingdom,United States","e","","Zucker, Palmöl, Haselnüsse (13%), Magermilchpulver (8,7 %), fettarmer Kakao (7,4%), Emulgator Lecithine (Soja), Vanillin.","","539","6.3","57.5","30.9",""
"Sésame","3175680011480","1360951415","1730461165","Snacks,Snacks sucrés,Biscuits et gâteaux,Biscuits sucrés & biscuits apéritifs,Biscuits","['en:snacks', 'en:sweet-snacks', 'en:biscuits-and-cakes', 'en:biscuits-and-crackers', 'en:biscuits']","Gerblé","['gerble']","France,Union européenne,Non Union Européenne","France","France","b","","Farine de blé 57%, sucre de canne roux, huile de colza, sésame toasté 10,6%, germe de blé 5,4%, farine complète de blé 5,4%, arôme naturel, magnésium, émulsifiant : lécithines, poudres à lever (tartrates de potassium, carbonates de sodium, carbonates d'ammonium), sel de mer, amidon de blé, vitamines (E, PP, B6, B1, B9).","","467","10","64","18",""
"Coca-Cola","5449000214911","1471521576","1728333904","Boissons et préparations de boissons,Boissons,Boissons gazeuses,Sodas,Boissons gazeuses sans jus de fruit,Sodas au cola,Boissons gazeuses sucrées sans jus de fruit,Boissons avec sucre ajouté","['en:beverages-and-beverages-preparations', 'en:beverages', 'en:carbonated-drinks', 'en:sodas', 'en:carbonated-soft-drinks-without-fruit-juice', 'en:colas', 'en:carbonated-soft-drinks-without-fruit-juice-with-sugar', 'en:sweetened-beverages']","Coca-Cola","['coca-cola']","","France,Issy-les-Moulineaux","Belgique,France,Allemagne,Hongrie,Italie,Serbie,Espagne,Suisse","e","","Eau gazéifiée, sucre, colorant: E150d, acidifiant: acide phosphorique, arômes naturels, arôme caféine.","","42","0","10.6","0",""
"Nutella","3017620422003","1457680652","1731441054","Breakfasts,Spreads,Sweet spreads,fr:Pâtes à tartiner,Hazelnut spreads,Chocolate spreads,Cocoa and hazelnuts spreads","['en:breakfasts', 'en:spreads', 'en:sweet-spreads', 'fr:pates-a-tartiner', 'en:hazelnut-spreads', 'en:chocolate-spreads', 'en:cocoa-and-hazelnuts-spreads']","Nutella,Ferrero","['nutella', 'ferrero']","France","","Belgium,France,Germany,Italy,Luxembourg,Morocco,Netherlands,Philippines,Poland,Romania,Spain,Switzerland,United Kingdom,United States","e","","Sucre, huile de palme, NOISETTES 13%, cacao maigre 7,4%, LAIT écrémé en poudre 6,6%, LACTOSERUM en poudre, émulsifiants: lécithines [SOJA), vanilline. Sans gluten.","","539","6.3","57.5","30.9",""
"Coca-Cola","5449000000996","1339313745","1727601379","Getränke und Getränkezubereitungen,Getränke,Kohlensäurehaltige Getränke,Erfrischungsgetränke,Cola","['en:beverages-and-beverages-preparations', 'en:beverages', 'en:carbonated-drinks', 'en:sodas', 'en:colas']","Coca-Cola","['coca-cola']","","Atlanta,Georgia,United States","Frankreich,Deutschland,Litauen,Vereinigtes Königreich","e","","water, sugar, carbon dioxide, colour E150d, acid: phosphoric acid, natural flavourings, flavour caffeine","","42","0","10.6","0",""
"Yeast Extract","50184453","1407070595","1714831445","Yeast extract spreads","['en:spreads', 'en:salted-spreads', 'en:yeast-extract-spreads']","Marmite,Unilever","['marmite', 'unilever']","","","France,Irlande,Royaume-Uni","d","","Yeast extract (contains BARLEY, WHEAT, OATS, RYE), salt, vegetable juice concentrate, vitamins (thiamin, riboflavin, niacin, vitamin B12 and folic acid), natural flavouring (contains CELERY).","","260","34","30","0.5",""
"Eau de source","3268840001008","1337517352","1703194225","Boissons, Eaux, Eaux de sources, Boissons sans sucre ajouté","['en:beverages', 'en:waters', 'en:spring-waters', 'en:unsweetened-beverages']","Cristaline","['cristaline']","France,Italie,en:Cairanne,en:Chambon-la-Forêt,en:Provence-Alpes-Côte d'Azur,en:Source Emma,en:Source Ofélia,en:Source Sainte Cécile,en:Source Éléna,en:Source Éléonore,en:Vaucluse","France,Italie","Belgique,Côte d'Ivoire,France,Luxembourg,Mali,Martinique,Russie,Suisse,Royaume-Uni","a","","Eau de source","","0","","0","0",""
"Coke zero","5449000214799","1460788319","1724331079","Boissons,Boissons gazeuses,Boissons édulcorées,Sodas,Boissons light,Boissons sans alcool,Sodas au cola,Sodas light,Sodas au cola light","['en:beverages-and-beverages-preparations', 'en:beverages', 'en:carbonated-drinks', 'en:artificially-sweetened-beverages', 'en:sodas', 'en:diet-beverages', 'en:non-alcoholic-beverages', 'en:colas', 'en:diet-sodas', 'en:diet-cola-soft-drink']","Coca-Cola","['coca-cola']","","Serbia,France","Belgique,France,Allemagne,Hongrie,Italie,Espagne,Suisse,États-Unis","b","","eau gazéifiée : colorant : E150d , acidifiant : acide phosphorique, édulcorants : aspartame, acésulfame-K , arômes naturels (caféine), correcteur d'acidité, citrates de sodium","en:gluten,en:milk,en:nuts,fr:Contient une source de phénylalanine","0.3","0","0","0",""
"Roast Chicken Gravy","5059697734953","1705514954","1705689550","Condiments, Gravy","['en:condiments', 'en:gravy']","Tesco","['tesco']","","","An Rìoghachd Aonaichte","b","","Water, Cornflour, Yeast Extract, Chicken Fat, Sauvignon Blanc (1.5%), Salt, Chicken Extract, Sage, Black Pepper, Carrot, Onion, Tomato Paste, Bay Leaf, Thyme.","","44","2.2","4.2","1.9",""
"Ziegenfrischkäse Natur","4099200191041","1705515715","1727185998","Milchprodukte,Fermentierte Lebensmittel,Fermentierte Milch,Käse,Ziegenkäse,Frischkäse,en:Cream cheeses","['en:dairies', 'en:fermented-foods', 'en:fermented-milk-products', 'en:cheeses', 'en:goat-cheeses', 'en:fresh-cheeses', 'en:cream-cheeses']","Zurück zum Ursprung","['zuruck-zum-ursprung']","Österreich","","Österreich,Deutschland","c","","Ziegenfrischkäse, Salz","","177","11","4","13",""
"Kilishi","4311501688144","1705513572","1710143971","Meats,Farming products,Meat preparations","['en:meats-and-their-products', 'en:meat-preparations', 'en:meats', 'en:farming-products']","springfoods","['springfoods']","Brazil,China,India,Nigeria","North,Nigeria","Nigeria","c","","1 kg Beef    1/2 teaspoon garlic powder     1/2 teaspoon clove powder    1/2-pinch of ginger powder     Seasoning cubes     2 pinch salt     Spices: 1/2 paprika    2 teaspoons of Suya spice     1/3 cup oil","","300","1","4","10",""
"Chocolat noir 65% de cacao","3474341105842","1705516230","1707501967","Snacks, Snacks sucrés, Cacao et dérivés, Chocolats, Chocolats noirs, Chocolat noir à moins de 70% de cacao en tablette","['en:snacks', 'en:sweet-snacks', 'en:cocoa-and-its-products', 'en:chocolates', 'en:dark-chocolates', 'en:dark-chocolate-bar-with-less-than-70-cocoa']","Chocolaterie Monbana","['chocolaterie-monbana']","","","France","e","","","","559","6.8","35","41",""
"Huile D’olive Vierge Extra Produit De France","3451080155161","1705513633","1729093379","Plant-based foods and beverages,Plant-based foods,Fats,Vegetable fats,Olive tree products,Vegetable oils,Olive oils,Olive oils from France,Extra-virgin olive oils,Virgin olive oils","['en:plant-based-foods-and-beverages', 'en:plant-based-foods', 'en:fats', 'en:vegetable-fats', 'en:olive-tree-products', 'en:vegetable-oils', 'en:olive-oils', 'en:olive-oils-from-france', 'en:extra-virgin-olive-oils', 'en:virgin-olive-oils']","Domaine de Bournissac","['domaine-de-bournissac']","France","","France","c","","HUILE D'OLIVE VIERGE EXTRA","","900","0","0","100",""
"High Protein Chicken & Chorizo Paella","5055904223289","1705515081","1710353071","Meals,Rice dishes,Chicken and chorizo paella","['en:meals', 'en:rice-dishes', 'en:chicken-and-chorizo-paella']","Muscle Foood","['muscle-foood']","European Union","","United Kingdom","a","","Cooked Long Grain Rice (29%) [Water, Long Grain Rice], Paella Sauce [Water, Onion, Rapeseed Oil, Garlic Puree, Lemon Juice from Concentrate, Chopped Parsley, Paprika, Vegetable Stock (Maltodextrin, Yeast Extract, Sugar, Salt, Vegetable Powder (Carrot, Onion, Tomato)), Xanthan Gum, Ground Black Pepper], Cooked Chicken (21%) [Chicken, Salt], Peas (8%), Semi Dried Marinated Cherry Tomato Halves (7%) [Semi Dried Tomato, Sunflower Oil, Salt, Garlic, Oregano], Diced Red Peppers (7%), Diced Chorizo (5%) (Pork, Pork Fat, Pork Rind, Paprika, Salt, Preservative: Sodium Nitrite; Spices, Spice Extract, Glucono delta-lactone, Dextrose, Garlic, Antioxidant: Sodium Ascorbate; Nutmeg).","","121","9.2","8.5","5.3",""
"Gelatina sabor Morango","5602477842456","1705517016","1711840606","Desserts, Jelly desserts, en:mixes-for-jelly-desserts","['en:desserts', 'en:cooking-helpers', 'en:dessert-mixes', 'en:jelly-desserts', 'en:mixes-for-jelly-desserts']","Condi","['condi']","","","France","unknown","","","","40","1.9","8.1","0",""
"Pizza express margherita","5051873005277","1705518442","1713363982","Meals,Pizzas pies and quiches,Pizzas,Vegetarian pizzas,Margherita Pizza","['en:meals', 'en:pizzas-pies-and-quiches', 'en:pizzas', 'en:vegetarian-pizzas', 'en:margherita-pizza']","Pizza Express","['pizza-express']","","","United Kingdom","c","","Wheat Flour (Wheat Flour, Calcium Carbonate, Iron, Niacin, Thiamin), Mozzarella Cheese (Milk) (11%), Water, Tomato, Cheddar Cheese (Milk) (7%), Tomato Purée, Mascarpone Cheese (Milk) (5%) (Cream (Milk), Milk Proteins), Regato Cheese (Milk) (3%), Rapeseed Oil, Semolina (Wheat), Salt, Sugar, Lemon Juice, Yeast, Parsley, Black Pepper, Basil, Oregano, Flour Treatment Agent (Ascorbic Acid).","","244","9.9","29.7","9",""
"Blood Orange Spritz - Sparkling Pressé","5021812005620","1705515028","1723149839","Beverages and beverages preparations, Beverages, Carbonated drinks, Sodas, en:sweetened-beverages","['en:beverages-and-beverages-preparations', 'en:beverages', 'en:carbonated-drinks', 'en:sodas', 'en:sweetened-beverages']","Bottlegreen Drinks","['bottlegreen-drinks']","","","United Kingdom","e","","carbonated Cotswold spring water, sugar, orange juice from concentrate (5%), citric acid, Aronia juice from concentrate, natural flavourings.","","33","0","7.7","0",""
"","4823065729671","1705515449","1725604942","uk:Крем-сир","['uk:крем-сир']","President","['president']","","","Ukraine","d","","","","256","5.2","3.6","24.5",""
"Bio Bergkäse gerieben","9100000906683","1705514864","1724876775","en:cheeses","['en:dairies', 'en:fermented-foods', 'en:fermented-milk-products', 'en:cheeses']","","","","","en:germany","unknown","","","","","","","",""
"Schweineschmalz","4061464162242","1705516155","1705516156","","","","","","","en:germany","unknown","","","","","","","",""
"Salade de blé","5400141491630","1705517294","1705517294","","","Boni","['boni']","","","lu","unknown","","","","25","2","3","",""
"Coca Cola 500ml","54491472","1340100613","1731249131","Getränke und Getränkezubereitungen,Getränke,Kohlensäurehaltige Getränke,Erfrischungsgetränke,Alkoholfreie Getränke,Cola,Gezuckerte Getränke","['en:beverages-and-beverages-preparations', 'en:beverages', 'en:carbonated-drinks', 'en:sodas', 'en:non-alcoholic-beverages', 'en:colas', 'en:sweetened-beverages']","Coca-Cola","['coca-cola']","Vereinigtes Königreich","","Österreich,Belgien,Bulgarien,Kroatien,Frankreich,Deutschland,Ungarn,Marokko,Polen,Rumänien,Serbien,Spanien,Schweiz,Vereinigtes Königreich","e","","Вода, фруктозо-глюкозен сироп, въглероден диоксид, оцветител: E150d, киселина: фосфорна киселина, естествени ароматизанти, ароматизант кофеин.","en:nuts","42","0","10.6","0",""
"Almonds","20724696","1487182032","1730880626","Alimentos e bebidas à base de plantas,Alimentos à base de plantas,Nozes e seus produtos,Nozes,Amêndoas","['en:plant-based-foods-and-beverages', 'en:plant-based-foods', 'en:nuts-and-their-products', 'en:nuts', 'en:almonds']","Alesto,Lidl","['alesto', 'lidl']","","","Bélgica,Bulgária,França,Alemanha,Grécia,Hungria,Polónia,Portugal,Roménia,Eslovénia,Espanha,Suíça","a","","shelled almonds","en:nuts,en:peanuts","621","24.5","4.8","53.3",""
"Alvalle Gazpacho l'original","3168930163480","1603831934","1725375945","Aliments et boissons à base de végétaux, Aliments d'origine végétale, Aliments à base de fruits et de légumes, Plats préparés, Soupes, Soupes de légumes, Soupes froides, Gaspacho","['en:plant-based-foods-and-beverages', 'en:plant-based-foods', 'en:fruits-and-vegetables-based-foods', 'en:meals', 'en:soups', 'en:vegetable-soups', 'en:cold-soups', 'en:gazpacho']","Alvalle,Pepsico","['alvalle', 'pepsico']","","Espagne","France","a","","Tomate,poivron,concombre,oignon, huile d'olive vierge extra (2,2%),vinaigre de vin,sel,ail,jus de citron,teneur en légumes: 94%","en:gluten","40","0.9","3.5","2.2",""
"","80177173","1430034304","1731535661","Pequenos alomoços,Produtos para barrar,Doces para barrar,fr:Pâtes à tartiner,Creme para barrar de avelã,Creme para barrar de chocolate,Creme para barrar de avelã e cacau","['en:breakfasts', 'en:spreads', 'en:sweet-spreads', 'fr:pates-a-tartiner', 'en:hazelnut-spreads', 'en:chocolate-spreads', 'en:cocoa-and-hazelnuts-spreads']","Nutella,Ferrero","['nutella', 'ferrero']","","","Portugal,Reino Unido,República Checa,Polónia,Espanha,França,Dinamarca,Estónia,Finlândia,Alemanha,Itália,en:Latvia,Lituânia,Noruega,Suécia","e","","Sugar, palm oil, _hazelnuts_ (13%), skimmed _milk_ powder (8,7%), fat-reduced cocoa (7,4%), emulsifier: lecithins (_soya_), vanillin.","","539","6.3","57.5","30.9",""
"70% Cacao noir intense","3046920022651","1462636415","1726568143","Imbiss,Süßer Snack,Kakao und Kakaoprodukte,Schokoladen,Bitterschokoladen,en:Dark chocolate bar,en:Dark chocolate bar with more than 70% cocoa","['en:snacks', 'en:sweet-snacks', 'en:cocoa-and-its-products', 'en:chocolates', 'en:dark-chocolates', 'en:dark-chocolate-bar', 'en:dark-chocolate-bar-with-more-than-70-cocoa']","Lindt","['lindt']","","France","Algerien,Belgien,Tschechien,Frankreich,Deutschland,Guadeloupe,Italien,Marokko,Réunion,Spanien,Schweiz","e","","Pâte de cacao, sucre, beurre de cacao, vanille.","en:milk,en:nuts,en:sesame-seeds,en:soybeans","566","9.5","34","41",""
"Tartine croustillante FIBRES","7300400481588","1441640147","1731127891","Plant-based foods and beverages,Plant-based foods,Cereals and potatoes,Breads,Crispbreads","['en:plant-based-foods-and-beverages', 'en:plant-based-foods', 'en:cereals-and-potatoes', 'en:breads', 'en:crispbreads']","Wasa,Barilla","['wasa', 'barilla']","","Barilla Deutschland GmbH,Wasastrasze 10,29229,Celle,Allemagne","Belgium,France,Guadeloupe,Italy,Réunion,Spain,Switzerland","a","","Farine complète de SEIGLE (59 g*), son de BLÉ (27 g*), flocons d'AVOINE (12 g*), GRAINES DE SÉSAME (7,0 g*), germe de BLÉ, sel. *en g pour 100 g de produit fini. Peut contenir des traces de LUPIN, LAIT, MOUTARDE et SOJA.","en:lupin,en:milk,en:mustard,en:soybeans","333","13","46","5",""
"","80135463","1361261542","1731437224","Alimentos e bebidas à base de plantas,Alimentos à base de plantas,Pequenos alomoços,Produtos para barrar,Produtos para barrar à base de plantas,Doces para barrar,fr:Pâtes à tartiner,Creme para barrar de avelã,Creme para barrar de chocolate,Creme para barrar de avelã e cacau","['en:plant-based-foods-and-beverages', 'en:plant-based-foods', 'en:breakfasts', 'en:spreads', 'en:plant-based-spreads', 'en:sweet-spreads', 'fr:pates-a-tartiner', 'en:hazelnut-spreads', 'en:chocolate-spreads', 'en:cocoa-and-hazelnuts-spreads']","Nutella,Ferrero","['nutella', 'ferrero']","","","Áustria,Bélgica,Bulgária,França,Alemanha,Hungria,Itália,Marrocos,Portugal,Roménia,Espanha,Suíça,Reino Unido","e","","Sucre, huile de palme, _NOISETTES_ 13%, _LAIT_ écrémé en poudre 8,7%, cacao maigre 7,4%, émulsifiants : lécithines [_SOJA_] ; vanilline.","en:none","539","6.3","57.5","30.9",""
"S. Pellegrino Water","8002270014901","1328993181","1728186300","Boissons et préparations de boissons,Boissons,Boissons gazeuses,Eaux,Eaux de sources,Eaux minérales,Eaux gazeuses,Eaux minérales naturelles,Eaux minérales gazeuses,Eau minérale naturelle gazéifiée,en:Boissons-sans-sucre-ajoute","['en:beverages-and-beverages-preparations', 'en:beverages', 'en:carbonated-drinks', 'en:waters', 'en:spring-waters', 'en:mineral-waters', 'en:carbonated-waters', 'en:natural-mineral-waters', 'en:carbonated-mineral-waters', 'en:carbonated-natural-mineral-waters', 'en:boissons-sans-sucre-ajoute']","San Pellegrino,Nestlé Waters,Nestlé","['san-pellegrino', 'nestle-waters', 'nestle']","Italie,it:Bergamo,it:San Pellegrino Terme","Bergame","Belgique,France,Italie,Luxembourg,Pays-Bas,Suisse","a","","carbonated water 100%","","0","0","0","0",""
"Noir Excellence 90%","3046920029759","1348995410","1730292357","Lanches comida,Lanches doces,Cacau e derivados,Chocolates,Chocolates amargos,en:Extra fine dark chocolates","['en:snacks', 'en:sweet-snacks', 'en:cocoa-and-its-products', 'en:chocolates', 'en:dark-chocolates', 'en:extra-fine-dark-chocolates']","Lindt","['lindt']","","","Argélia,Bélgica,República Checa,Finlândia,França,Polinésia Francesa,Alemanha,Itália,Maurícia,Marrocos,Países Baixos,Reunião,Singapura,Espanha,Suécia,Suíça,Reino Unido","d","","cocoa mass, cocoa butter, low-fat cocoa, sugar, vanilla,","en:milk,en:nuts,en:soybeans","592","10","14","55",""
"Excellence 85% Cacao Chocolat Noir Puissant","3046920022606","1462865556","1714813162","Snacks,Sweet snacks,Cocoa and its products,Chocolates,Dark chocolates,Dark chocolate bar","['en:snacks', 'en:sweet-snacks', 'en:cocoa-and-its-products', 'en:chocolates', 'en:dark-chocolates', 'en:dark-chocolate-bar']","Lindt","['lindt']","","France,Oloron-sainte-marie 64400","Austria,Belgium,France,Germany,Italy,Morocco,Netherlands,Réunion,Spain,Switzerland","e","","Pâte de cacao, cacao maigre, beurre de cacao, cassonade, vanille. Peut contenir du lait, des fruits à coque, du soja et des graines de sésame.","en:milk,en:nuts,en:sesame-seeds,en:soybeans","584","12.5","22","46",""
"","20267605","1426284642","1731354899","Alimentos y bebidas de origen vegetal,Alimentos de origen vegetal,Frutos de cáscara y derivados,Frutos de cáscara,Anacardos","['en:plant-based-foods-and-beverages', 'en:plant-based-foods', 'en:nuts-and-their-products', 'en:nuts', 'en:cashew-nuts']","Alesto","['alesto']","nepochádza z EU","52531 Übach-Palenberg,Deutschland","Austria,Bélgica,Croacia,Francia,Alemania,Hungría,Italia,España,Suecia,Suiza,Reino Unido","d","","Cashewkerne 100%","en:nuts,en:peanuts","600","20.5","19.8","47.6",""
"Original","5410041001204","1342889958","1727277621","en:Crackers","['en:snacks', 'en:salty-snacks', 'en:appetizers', 'en:biscuits-and-crackers', 'en:crackers']","Tuc,LU,Mondelēz","['tuc', 'lu', 'mondelēz']","","","Áustria,Bélgica,Dinamarca,Estónia,Finlândia,França,Alemanha,Itália,Luxemburgo,Malta,Marrocos,Países Baixos,Portugal,Espanha,Suécia,Suíça","e","","Farine de _BLÉ_, huile de palme, sirop de glucose, extrait de malt d'_ORGE_, poudres à lever (carbonates d'ammonium, carbonates de sodium), sel, _OEUFS_, arôme, agent de traitement de la farine (_DISULFITE_ de sodium).","en:milk,en:soybeans","482","8.3","67","19",""
"volvic","3057640257773","1523025970","1727200251","Getränke, Mineralwasser, Natürliches Mineralwasser, Quellwasser, Wasser, en:natural-mineral-waters","['en:beverages-and-beverages-preparations', 'en:beverages', 'en:waters', 'en:spring-waters', 'en:mineral-waters', 'en:natural-mineral-waters', 'en:getranke', 'en:mineralwasser', 'en:naturliches-mineralwasser', 'en:quellwasser', 'en:wasser']","volvic","['volvic']","","","Belgien,Frankreich,Deutschland,Luxemburg,Schweiz","a","","VOLVIC, EAU MINERALE NATURELLE ANALYSE CARACTÉRISTIQUE (MG/L): CALCIUM 12, SULFATES 9. MAGNESIUM 8. SODIUM 12, BICARBONATES 74 POTASSIUM 6, SILICE 32, CHEBRURES 15, NITRATES TENEUR TOTALE EN SELS MINERAUX À 180 C 130MG/LITRE PH","","","","","",""
"La salvetat","3068320123264","1585165622","1729794763","Beverages and beverages preparations, Beverages, Carbonated drinks, Waters, Spring waters, Mineral waters, Carbonated waters, Natural mineral waters, Carbonated natural mineral waters, en:carbonated-mineral-waters","['en:beverages-and-beverages-preparations', 'en:beverages', 'en:carbonated-drinks', 'en:waters', 'en:spring-waters', 'en:mineral-waters', 'en:carbonated-waters', 'en:natural-mineral-waters', 'en:carbonated-mineral-waters', 'en:carbonated-natural-mineral-waters']","La Salvetat,Danone","['la-salvetat', 'danone']","France,en:Haut-Languedoc","France","France","a","","spring water","","0","0","0","0",""
"Geröstete Mandel Ohne Zucker","5411188112709","1427561633","1731437247","en:Beverages and beverages preparations,Alimentos e bebidas à base de plantas,Bebidas,Alimentos à base de plantas,en:Dairy substitutes,Substitutos do leite,Nozes e seus produtos,Bebidas à base de plantas,Leites de planta,Leites de frutos secos,Bebidas de amêndoa","['en:beverages-and-beverages-preparations', 'en:plant-based-foods-and-beverages', 'en:beverages', 'en:plant-based-foods', 'en:dairy-substitutes', 'en:milk-substitutes', 'en:nuts-and-their-products', 'en:plant-based-beverages', 'en:plant-based-milk-alternatives', 'en:nut-based-drinks', 'en:almond-based-drinks']","Alpro","['alpro']","","","Albânia,Áustria,Bélgica,Croácia,Finlândia,França,Alemanha,Grécia,Hungria,República da Irlanda,Israel,Luxemburgo,Países Baixos,Noruega,Polónia,Portugal,Reunião,Roménia,Espanha,Suécia,Suíça,Reino Unido","b","","Wasser, MANDELN (2,3%), Calcium (Tricalciumphosphat), Meersalz, Stabilisatoren (Johannisbrotkernmehl, Gellan), Emulgator (Lecithine), Vitamine (B2, B12, E, D2). Kann Spuren von Schalenfrüchten (keine Erdnüsse) enthalten.","en:nuts","13","0.4","0","1.1",""
"Pulco Zitrone","3225350000501","1342693501","1721068438","Beverages and beverages preparations, Beverages, en:flavoured-syrups","['en:beverages-and-beverages-preparations', 'en:beverages', 'en:beverage-preparations', 'en:syrups', 'en:flavoured-syrups']","Pulco,Schweppes International Limited,Orangina Schweppes France","['pulco', 'schweppes-international-limited', 'orangina-schweppes-france']","Non indiqué,en:Non indiqué","","Belgique,France,Allemagne,Suisse","c","","Wasser, konzentrierter Saft: Zitrone 35,5% und Orange 4,5% (entspricht 40% rekonstituiertem Saft), Zitronenpulpe 5%, Säuerungsmittel: Zitronensäure, natürlicher Zitronenextrakt.","","11.5","0.1","0.8","0",""
"Walnusskerne","20005733","1401838212","1730896486","Plantaardige levensmiddelen en dranken,Plantaardige levensmiddelen,Noten en -producten,Noten,Gepelde noten,Walnoten,Gepelde walnoten","['en:plant-based-foods-and-beverages', 'en:plant-based-foods', 'en:nuts-and-their-products', 'en:nuts', 'en:shelled-nuts', 'en:walnuts', 'en:walnut-kernels']","Alesto,Lidl","['alesto', 'lidl']","","","Oostenrijk,België,Bulgarije,Denemarken,Frankrijk,Duitsland,Italië,Nederland,Polen,Portugal,Spanje","a","","Walnusskerne.","en:nuts,en:peanuts","712","15.5","3.7","69.1",""
"cruesly mélange de noix","3168930010265","1495353417","1722085968","Aliments et boissons à base de végétaux,Aliments d'origine végétale,Petit-déjeuners,Céréales et pommes de terre,Céréales et dérivés,Céréales pour petit-déjeuner,Mueslis,Céréales aux fruits à coques,Pépites de céréales croustillantes,Pépites de céréales aux fruits à coques","['en:plant-based-foods-and-beverages', 'en:plant-based-foods', 'en:breakfasts', 'en:cereals-and-potatoes', 'en:cereals-and-their-products', 'en:breakfast-cereals', 'en:mueslis', 'en:cereals-with-nuts', 'en:crunchy-cereal-clusters', 'en:cereal-clusters-with-nuts']","Quaker","['quaker']","","","Belgique,France,Polynésie française,Allemagne,Guadeloupe,Italie,Martinique,La Réunion,Slovénie,Espagne,Suisse,Royaume-Uni","a","","_avoine_ complète (32%), _blé_ complet (18%), sirop de glucose, huile de tournesol, sucre, _amandes_ grillées (4,2%), _noisettes_ (4%), oligofructose, _noix de Pécan_ (1,5%), farine de _blé_, farine de riz, _noix du Brésil_ (1%), miel, arômes naturels, antioxydant (tocophérol).","en:milk,en:sesame-seeds,en:soybeans","462","8.5","57","19",""
"Biscuits croquants au coeur onctueux de Nutella®","8000500310427","1548751374","1731244579","Lanches comida,Lanches doces,Biscoitos e Bolos,en:Biscuits and crackers,Biscoitos,Biscoitos recheados,Bolachas","['en:snacks', 'en:sweet-snacks', 'en:biscuits-and-cakes', 'en:biscuits-and-crackers', 'en:biscuits', 'en:filled-biscuits', 'en:wafers']","Nutella,Ferrero","['nutella', 'ferrero']","","","França,Alemanha,Itália,Marrocos,Portugal,Roménia,Espanha,Suíça","e","","Pâte à tartiner aux NOISETTES et au cacao 40% (sucre, huile de palme, NOISETTES 13%**, LAIT écrémé en poudre 8,7%**, cacao maigre 7,4%**, émulsifiants : lécithines [SOJA]; vanilline), farine de FROMENT 32,5%, graisses végétales (palme, palmiste), sucre de canne (contient BLE) 8,5%, LACTOSE, son de BLE, LAIT en poudre, miel, poudres à lever (diphosphate disodique, carbonate acide de sodium, carbonate acide d'ammonium), farine d'ORGE malté, cacao maigre en poudre, sel, extrait en poudre de malt d'ORGE et de maïs, amidon de FROMENT, émulsifiants: lécithines [SOJA]; vanilline.","en:mustard","515","7.9","64","24.8",""
"Amestec de nuci, alune, caju și migdale","20047238","1423928064","1730542145","Plant-based foods and beverages,Plant-based foods,Fruits and vegetables based foods,Fruits based foods,Nuts and their products,Dried products,Nuts,Dried plant-based foods,Dried fruits,Dried mixed fruits","['en:plant-based-foods-and-beverages', 'en:plant-based-foods', 'en:fruits-and-vegetables-based-foods', 'en:fruits-based-foods', 'en:nuts-and-their-products', 'en:dried-products', 'en:nuts', 'en:dried-plant-based-foods', 'en:dried-fruits', 'en:dried-mixed-fruits']","Alesto,Lidl","['alesto', 'lidl']","Germany","Alemania","Belgium,Bulgaria,Croatia,Czech Republic,France,Germany,Hungary,Italy,Poland,Romania,Serbia,Spain,Sweden,Switzerland,United Kingdom","c","","25% nuci, 25% alune de pădure, 25% nuci Caju, 25% migdale blanşate. Poate contine urme de alte fructe cu coajă lemnoasă şi arahide.","en:nuts,en:peanuts","647","20.3","6.33","58",""
"Le Beurre Tendre Doux","3451790988677","1415097202","1721241187","Dairies, Fats, Spreads, Spreadable fats, Animal fats, Milkfat, Dairy-spread, Butters, Unsalted butters, Sweet cream butters, Butter-82-fat-unsalted-easy-to-spread, fr:Beurres tendres","['en:dairies', 'en:fats', 'en:spreads', 'en:spreadable-fats', 'en:animal-fats', 'en:dairy-spreads', 'en:milkfat', 'en:butters', 'en:unsalted-butters', 'en:sweet-cream-butters', 'en:butter-82-fat-unsalted-easy-to-spread', 'fr:beurres-tendres']","Elle & Vire,Savencia","['elle-vire', 'savencia']","France","Normandie,France","Canada,France,Suisse,États-Unis","e","","cream (origin france), milk fat , lactic ferments,","","744","0.7","0.8","82",""
"Pâte à tartiner noisettes et cacao","3608580065340","1629724463","1728823692","Breakfasts,Spreads,Sweet spreads,fr:Pâtes à tartiner,Hazelnut spreads,Chocolate spreads,Cocoa and hazelnuts spreads","['en:breakfasts', 'en:spreads', 'en:sweet-spreads', 'fr:pates-a-tartiner', 'en:hazelnut-spreads', 'en:chocolate-spreads', 'en:cocoa-and-hazelnuts-spreads']","Bonne Maman","['bonne-maman']","","","France","d","","sucre, _noisettes_ 20%, huiles végétales (tournesol, colza), _lait_ écrémé en poudre, cacao maigre en poudre 5,5%, beurre de cacao, émulsifiant : lécithine de tournesol, extrait de vanille, Peut contenir d'autres _fruits à coque_,","en:nuts","551","6.7","53","34",""
"Tartine Doux","3155251205296","1493100390","1723551382","Aliments et boissons à base de végétaux, Aliments d'origine végétale, Matières grasses, Produits à tartiner, Pâtes à tartiner végétales, Produits à tartiner salés, Matières grasses à tartiner, Matières grasses végétales, Margarines, Margarines allégées","['en:plant-based-foods-and-beverages', 'en:plant-based-foods', 'en:fats', 'en:spreads', 'en:plant-based-spreads', 'en:salted-spreads', 'en:spreadable-fats', 'en:vegetable-fats', 'en:margarines', 'en:light-margarines']","Primevère","['primevere']","France","France","Algeria,Côte d'Ivoire,France,Martinique,Réunion,Switzerland","c","","vegetable oils and fats nonhydrogenated 54 % rapeseed,    coconut,    palm,    palm kernel,    water,    emulsifiers : mono and diglycerides of fatty acids,    sunflower lecithin,    salt,    natural flavourings,    antioxidant : extracts of rosemary,    concentrated lemon juice,    colouring agents : annatto,    curcumin,    vitamin b1,","","495","0","0","55",""
"Tartine croustillante Authentique","7300400481595","1436854915","1725376846","Aliments et boissons à base de végétaux,Aliments d'origine végétale,Snacks,Céréales et pommes de terre,Pains,Pains croustillants","['en:plant-based-foods-and-beverages', 'en:plant-based-foods', 'en:snacks', 'en:cereals-and-potatoes', 'en:breads', 'en:crispbreads']","Wasa,Barilla","['wasa', 'barilla']","","Barilla Sverige AB,682 82,Filipstad,Zweden","France,Italie,Espagne,Suisse","a","","Farine complète de SEIGLE (77 g*), farine de SEIGLE (28 g*), levure, sel. Peut contenir des traces de LAIT et de GRAINES DE SÉSAME. *en g pour 100 g de produit.","en:milk,en:sesame-seeds","336","9","62","1.5",""
"Cracotte Céréales Complètes","3041090063206","1415379643","1719198209","Aliments et boissons à base de végétaux,Aliments d'origine végétale,Snacks,Céréales et pommes de terre,Tartines craquantes extrudées","['en:plant-based-foods-and-beverages', 'en:plant-based-foods', 'en:snacks', 'en:cereals-and-potatoes', 'en:extruded-crispbreads']","lu","['lu']","","","Belgique,France,Luxembourg,La Réunion,Suisse","c","","Céréales 98,5 % (farine complète de blé 66,2 %, farine de seigle 12,1 %, farine de blé 10,1 %, farine de riz 3,2 %, farine de blé malté 2,1 %, farine de sarrasin 1,6 %, farine d'orge 1,6 %, semoule de blé 1,6 %), sucre, lactosérum en poudre (de lait), sel, huile de palme, germes de blé. Peut contenir soja, sésame.","en:sesame-seeds,en:soybeans","377","11","73","3.1",""
"Chocolat noir - 85% cacao","20995553","1556354695","1730751086","Snacks,Sweet snacks,Cocoa and its products,Chocolates,Dark chocolates","['en:snacks', 'en:sweet-snacks', 'en:cocoa-and-its-products', 'en:chocolates', 'en:dark-chocolates']","Lidl,J.D. Gross","['lidl', 'j-d-gross']","","","Austria,Belgium,Estonia,Finland,France,Germany,Italy,Lithuania,Slovakia,Slovenia,Spain,United Kingdom","d","","cocoa mass, fat reduced cocoa powder, cocoa butter, sugar, emulsifier: soya lecithins, vanilla extract,","en:milk,en:nuts","579","10.8","21.4","46.8",""
"Coca-Cola zero azúcar","5449000131805","1340017267","1722353673","Beverages, Carbonated drinks, Artificially sweetened beverages, Sodas, Diet beverages, Colas, Diet sodas, Diet cola soft drink","['en:beverages-and-beverages-preparations', 'en:beverages', 'en:carbonated-drinks', 'en:artificially-sweetened-beverages', 'en:sodas', 'en:diet-beverages', 'en:colas', 'en:diet-sodas', 'en:diet-cola-soft-drink']","Coca-Cola","['coca-cola']","","","España","b","","Agua carbonatada, colorante E-150d acidulante ácido fosfórico, edulcorantes: ciclamato sódico, acesulfamo K aspartamo y glucosidos de esteviol producidos enzimáticamente, aromas naturales, aroma cafeína y corrector de acidez citratos de sodio. Contiene una fuente de fenilalanina.","en:nuts","0.2","0","0","0",""
"Céréales Chocapic","7613034626844","1398973316","1729743191","Plant-based foods and beverages,Plant-based foods,Breakfasts,Cereals and potatoes,Cereals and their products,Breakfast cereals,Chocolate cereals,Aliments d'origine végétale,Aliments et boissons à base de végétaux,Céréales au chocolat,Céréales et dérivés,Céréales et pommes de terre,Céréales extrudées,Céréales pour petit déjeuner enrichies en vitamines et minéraux,Céréales pour petit-déjeuner,Petit-déjeuners,Pétales de blé chocolatés,Pétales de blé chocolatés enrichis en vitamines et minéraux","['en:plant-based-foods-and-beverages', 'en:plant-based-foods', 'en:breakfasts', 'en:cereals-and-potatoes', 'en:cereals-and-their-products', 'en:breakfast-cereals', 'en:chocolate-cereals', 'en:aliments-d-origine-vegetale', 'en:aliments-et-boissons-a-base-de-vegetaux', 'en:cereales-au-chocolat', 'en:cereales-et-derives', 'en:cereales-et-pommes-de-terre', 'en:cereales-extrudees', 'en:cereales-pour-petit-dejeuner-enrichies-en-vitamines-et-mineraux', 'en:cereales-pour-petit-dejeuner', 'en:petit-dejeuners', 'en:petales-de-ble-chocolates', 'en:petales-de-ble-chocolates-enrichis-en-vitamines-et-mineraux']","Nestlé","['nestle']","France","France,Rumilly,Haute-Savoie,Itancourt,Aisne","France,French Polynesia,Guadeloupe,Martinique,Morocco,New Caledonia,Réunion,Switzerland","a","","Blé complet 35,0%, chocolat en poudre 22,5% (sucre, cacao en poudre), farine de blé 17,0%, semoule de maïs, sirop de glucose, sucre, extrait de malt d'orge (orge, orge malté), contient de l'huile de tournesol et/ou de palme, carbonate de calcium, émulsifiant : lécithines; sel, arômes naturels, fer, vitamines B3, B5, D, B6, B1, B2 et B9.","en:milk,en:nuts","388","8.8","73.6","4.8",""
"Extra dark chocolate 74% cacao","20022464","1342650111","1729875700","Botanas,Snacks dulces,Cacao y sus productos,Chocolates,Chocolates negros,en:Cacao-et-derives,en:Chocolats,en:Chocolats-noirs,en:Chocolats-noirs-extra-fin","['en:snacks', 'en:sweet-snacks', 'en:cocoa-and-its-products', 'en:chocolates', 'en:dark-chocolates', 'en:cacao-et-derives', 'en:chocolats', 'en:chocolats-noirs', 'en:chocolats-noirs-extra-fin']","Fin Carré","['fin-carre']","Ludwig Weinrich in Germany,Ludwig Weinrich,Fairtrade,Germany","Übach-Palenberg,Heinsberg (Kreis),Köln (Regierungsbezirk),Nordrhein-Westfalen,Deutschland","Bélgica,Bulgaria,República Checa,Finlandia,Alemania,Países Bajos,Polonia,España","e","","cocoa mass, sugar, cocoa butter, fat reduced cocoa powder, emulsifier: lecithins (soya), natural vanilla flavouring, dark chocolate contains: cocoa solids 74% minimum,","en:gluten,en:Amande,en:Arachides,en:Avoine,en:Blé,en:Lait,en:Noisettes,en:Noix,en:Noix de cajou,en:Noix de macadamia,en:Noix de pécan,en:Noix du brésil,en:Orge,en:Pistaches,en:Seigle","571","9.9","32","42",""
"Primevère","3155250358788","1353526684","1723993347","Plant-based foods and beverages, Plant-based foods, Fats, Spreads, Plant-based spreads, Salted spreads, Spreadable fats, Vegetable fats, Margarines, en:light-margarines","['en:plant-based-foods-and-beverages', 'en:plant-based-foods', 'en:fats', 'en:spreads', 'en:plant-based-spreads', 'en:salted-spreads', 'en:spreadable-fats', 'en:vegetable-fats', 'en:margarines', 'en:light-margarines']","Primevère","['primevere']","Bondues,France,huile de colza est garantie UE","France","France","c","","Huiles végétales non hydrogénées 54.5% (colza, palme), eau, émulsifiant (lécithine de tournesol), sel, arôme naturel de noix de coco, jus de citron concentré","","485","0","0","55",""
"Coca Cola 2l","5449000000286","1389973268","1731332275","Getränke,Kohlensäurehaltige Getränke,Erfrischungsgetränke,Cola,Cola mit Zucker,Gezuckerte Getränke","['en:beverages-and-beverages-preparations', 'en:beverages', 'en:carbonated-drinks', 'en:sodas', 'en:colas', 'en:cola-with-sugar', 'en:sweetened-beverages']","Coca-Cola","['coca-cola']","","رويبة","Albanien,Algerien,Belgien,Bosnien und Herzegowina,Bulgarien,Kroatien,Tschechien,Frankreich,Deutschland,Ungarn,Mauritius,Marokko,Polen,Réunion,Rumänien,Russland,Serbien,Slowakei,Schweiz","e","","Apa, zahar, dioxid de carbon, colorant E 150d, acidifiant acid fosforic, arome naturale, aroma cafeina.","","42","0","10.6","0",""
"Skyr Nature","3329770077003","1617437685","1729251110","Produits laitiers,Produits fermentés,Produits laitiers fermentés,Desserts,Desserts lactés,Desserts lactés fermentés,Skyrs,en:Desserts lactés,en:Desserts lactés fermentés,en:Desserts lactés fermentés nature,en:Produits fermentés,en:Produits laitiers,en:Produits laitiers fermentés,en:Skyrs nature","['en:dairies', 'en:fermented-foods', 'en:fermented-milk-products', 'en:desserts', 'en:dairy-desserts', 'en:fermented-dairy-desserts', 'en:fromages-blancs-petit-suisses-and-skyr', 'en:skyrs', 'en:desserts-lactes', 'en:desserts-lactes-fermentes', 'en:desserts-lactes-fermentes-nature', 'en:produits-fermentes', 'en:produits-laitiers', 'en:produits-laitiers-fermentes', 'en:skyrs-nature']","Yoplait","['yoplait']","France","","France","a","","Yaourt maigre (Lait écrémé, Poudre de la ecremé, Ferments lactiques (Lait)) Loit d'origine France, La présence éventuelle de petit lait dans le pot est naturelle,","","57","9.5","3.6","0.5",""
"Oat Drink Barista Edition imp","7394376616228","1536575797","1730541272","en:Beverages and beverages preparations,en:Plant-based foods and beverages,en:Beverages,en:Plant-based foods,en:Cereals and potatoes,en:Dairy substitutes,en:Cereals and their products,en:Milk substitutes,en:Plant-based beverages,en:Plant-based milk alternatives,en:Cereal-based drinks,en:Oat-based drinks","['en:beverages-and-beverages-preparations', 'en:plant-based-foods-and-beverages', 'en:beverages', 'en:plant-based-foods', 'en:cereals-and-potatoes', 'en:dairy-substitutes', 'en:cereals-and-their-products', 'en:milk-substitutes', 'en:plant-based-beverages', 'en:plant-based-milk-alternatives', 'en:cereal-based-drinks', 'en:oat-based-drinks']","Oatly","['oatly']","","","An Fhraing,A' Ghearmailt,Poblachd na h-Èireann,An Rìoghachd Aonaichte","b","","water,  oats  10%, rapeseed oil, acidity regulator (dipotassium phosphate), minerals (calcium carbonate, potassium iodide), salt, vitamins (d2, riboflavin and b12),","","61","1.1","7.1","3",""
"Tartines craquantes au sarrasin imp","06175700","1595696689","1730289925","Aliments et boissons à base de végétaux,Aliments d'origine végétale,Snacks,Céréales et pommes de terre,Pains,Tartines craquantes extrudées,Pains croustillants","['en:plant-based-foods-and-beverages', 'en:plant-based-foods', 'en:snacks', 'en:cereals-and-potatoes', 'en:breads', 'en:extruded-crispbreads', 'en:crispbreads']","Le pain des Fleurs,Ekibio","['le-pain-des-fleurs', 'ekibio']","France","Peaugres 07340","Belgique,France,Pays-Bas,Sénégal","a","","Farine de sarrasin*, sucre de canne blond**, cacao en poudre** (6,3%). *issu de l'agriculture biologique. **ingrédients biologiques issus du Commerce Équitable.","","388","13.4","75","2.8",""
"Alpenmilch Schokolade","3045140105502","1349035684","1730415073","Imbiss,Süßer Snack,Kakao und Kakaoprodukte,Schokoladen,Milchschokoladen","['en:snacks', 'en:sweet-snacks', 'en:cocoa-and-its-products', 'en:chocolates', 'en:milk-chocolates']","Milka","['milka']","en:Unspecified","","Österreich,Tschechien,Frankreich,Deutschland,Ungarn,Spanien","e","","Zucker, Kakaobutter, Kakaomasse, MAGERMILCHPULVER, Süssmolkenpulver (aus MILCH), BUTTERREINFETT, Emulgator (SOJALECITHINE), HASELNUSSMASSE, Aroma,","en:gluten,en:nuts","539","6.59","56.9","31.1",""
"La gâche tranchée","3587220002252","1477818675","1723965505","brioche","['en:snacks', 'en:sweet-snacks', 'en:sweet-pastries-and-pies', 'en:viennoiseries', 'en:brioches']","La Fournée Dorée","['la-fournee-doree']","Union européenne","85150,Vendée,France,Pays de la Loire,La Mothe Achard","France,Allemagne,Suisse","d","","Farine de _blé_ 52%, sucre, _beurre_ frais 10%, _œufs_ entiers frais 8%, eau, _crème_ fraîche 3%, sel, arômes naturels (contient alcool), levure, gluten de _blé_, eau de vie, émulsifiant (E471), protéines de _lait_, levure désactivée, colorant (béta carotène)","en:nuts","341","8.1","49","12",""
"Biscottes 6 céréales","3392460480827","1340652178","1716919426","Plant-based foods and beverages,Plant-based foods,Cereals and potatoes,Breads,Rusks,Multigrain rusks","['en:plant-based-foods-and-beverages', 'en:plant-based-foods', 'en:cereals-and-potatoes', 'en:breads', 'en:rusks', 'en:multigrain-rusks']","Heudebert","['heudebert']","Blé origine France","Granville,Normandie,France","Belgium,France,Réunion,Switzerland","c","","Céréales 93 % (farine de BLÉ 79,4 %, flocons de BLÉ malté 4,4 %, flocons d'AVOINE 1,7 %, farine d'ORGE malté 1,5 %, farine de SEIGLE 1,2 %, semoule de BLÉ 1,2 %, farine d'ORGE 1,2 %, farine de sarrasin 1,2 %, farine de riz 1,2 %), levure, graines de lin 3,6 %, graines de SÉSAME 3,4 %, huile de palme, sirop de glucose-fructose, sel, gluten de BLÉ, sucre, agent de traitement de la farine (acide ascorbique), émulsifiants (E 471, E 481), amidon de BLÉ.","en:milk,en:soybeans","402","13","67","7.8",""
"Pur beurre de cacahuète","3760020507350","1426059848","1729194066","Aliments et boissons à base de végétaux,Aliments d'origine végétale,Légumineuses et dérivés,Petit-déjeuners,Produits à tartiner,Fruits à coques et dérivés,Pâtes à tartiner végétales,Produits à tartiner sucrés,Purées d'oléagineux,Beurres de légumineuses,Pâtes à tartiner,Beurres de fruits à coques,Beurres de cacahuètes","['en:plant-based-foods-and-beverages', 'en:plant-based-foods', 'en:legumes-and-their-products', 'en:breakfasts', 'en:spreads', 'en:nuts-and-their-products', 'en:plant-based-spreads', 'en:sweet-spreads', 'en:oilseed-purees', 'en:legume-butters', 'fr:pates-a-tartiner', 'en:nut-butters', 'en:peanut-butters']","Jardin Bio,Léa Nature","['jardin-bio', 'lea-nature']","Non Union Européenne","Pays-Bas","Belgique,France,Maroc,La Réunion,Espagne,Suisse","b","","CACAHUETES issues de l'agriculture biologique. Peut contenir des traces de FRUITS A COQUE et de graines de SESAME.","en:nuts,en:sesame-seeds","625","29","12","50",""
"Belvita Petit Déjeuner Chocolat","7622210713780","1494701130","1713162193","Snacks,Sweet snacks,Biscuits and cakes,Biscuits,Chocolate biscuits","['en:snacks', 'en:sweet-snacks', 'en:biscuits-and-cakes', 'en:biscuits', 'en:chocolate-biscuits']","LU,Mondelez","['lu', 'mondelez']","","","Belgium,France,Guadeloupe,Luxembourg,Belgique,La-reunion,Suisse","c","","Céréales 56,8 % [céréales complètes 39,8 % (farine complète de BLÉ 20,1 %, flocons d'AVOINE 8,8 %, farine complète d'ORGE 6,4 %, farine complète de SEIGLE 3,5 %, farine complète d'épeautre (BLÉ) 1 %), farine de BLÉ 17 %), sucre, pépites de chocolat 12% [sucre, pâte de cacao, graisses végétales (palme, karité en proportions variables), dextrose, beurre de cacao, émulsifiant (lécithines de SOJA)], huile de colza, cacao maigre en poudre 3 %, amidon de BLÉ, poudres à lever (carbonates d'ammonium, diphosphates, carbonates de sodium), minéraux (carbonate de calcium, carbonate de magnésium, fer élémentaire), émulsifiants (lécithines de SOJA, E492, E472e), sel, arôme, LAIT écrémé en poudre.","en:eggs,en:nuts,en:sesame-seeds","439","7.9","66","14",""
"Flocons d'avoine","3229820019307","1425127379","1726134922","Aliments et boissons à base de végétaux,Aliments d'origine végétale,Petit-déjeuners,Céréales et pommes de terre,Céréales et dérivés,Céréales pour petit-déjeuner,Flocons,Flocons de céréales,Flocons laminés,Flocons d'avoine","['en:plant-based-foods-and-beverages', 'en:plant-based-foods', 'en:breakfasts', 'en:cereals-and-potatoes', 'en:cereals-and-their-products', 'en:breakfast-cereals', 'en:flakes', 'en:cereal-flakes', 'en:rolled-flakes', 'en:rolled-oats']","Bjorg","['bjorg']","Europe","Allemagne","Belgique,France,Allemagne,Maroc,Nouvelle-Calédonie,Espagne,Suisse","a","","Flocons d'_avoine_ complète issue de l'agriculture biologique.","en:milk,en:nuts,en:sesame-seeds,en:soybeans","362","11","58","7.1",""
"Zarte Haferflocken","20003166","1423927627","1730632814","Plantaardige levensmiddelen en dranken,Plantaardige levensmiddelen,Ontbijten,Granen en aardappels,Granen en graanproducten,Ontbijtgranen,Vlokken,Ontbijtvlokken,en:Rolled flakes,Havermoutvlokken","['en:plant-based-foods-and-beverages', 'en:plant-based-foods', 'en:breakfasts', 'en:cereals-and-potatoes', 'en:cereals-and-their-products', 'en:breakfast-cereals', 'en:flakes', 'en:cereal-flakes', 'en:rolled-flakes', 'en:rolled-oats']","Crownfield","['crownfield']","Europese Unie","Germania","België,Frankrijk,Duitsland,Italië,Nederland,Spanje","a","","100% Hafervollkornflocken.","en:gluten","372","13.5","58.7","7",""
"Nutella","3017620429484","1366056898","1730778362","Breakfasts,Spreads,Sweet spreads,fr:Pâtes à tartiner,Hazelnut spreads,Chocolate spreads,Cocoa and hazelnuts spreads","['en:breakfasts', 'en:spreads', 'en:sweet-spreads', 'fr:pates-a-tartiner', 'en:hazelnut-spreads', 'en:chocolate-spreads', 'en:cocoa-and-hazelnuts-spreads']","Ferrero,Nutella","['ferrero', 'nutella']","","","Argentine,Australie,Belgique,Canada,Colombie,France,Allemagne,Irlande,Italie,Japon,Luxembourg,Pays-Bas,La Réunion,Russie,Arabie saoudite,Afrique du Sud,Espagne,Suède,Suisse,Royaume-Uni,États-Unis","e","","Sucre, huile de palme, NOISETTES 13%, LAIT écrémé en poudre 8,7%, cacao maigre 7,4%, émulsifiants : lécithines [ SOJA ] vanilline","","539","6.3","57.5","30.9",""
"Lu - Cracotte Original Wheat Slices, 250g (8.8oz)","3041090063114","1351938765","1726397138","Plantaardige levensmiddelen en dranken,Plantaardige levensmiddelen,Snacks,Granen en aardappels,Knapperige broodproducten","['en:plant-based-foods-and-beverages', 'en:plant-based-foods', 'en:snacks', 'en:cereals-and-potatoes', 'en:extruded-crispbreads']","LU","['lu']","Frankrijk","vervins france","België,Frankrijk,Luxemburg,Nederland,Zwitserland","a","","cereals to 97,8 % (wheat flour 97,3 %, rye flour ), sugar, whey powder (milk ), palm oil, salt, mineral (diphosphate ferric), emulsifier (sunflower lecithin)","","268","9.3","44","4.9",""
"Ohne Zucker Hafer","5411188124689","1543741138","1730317882","en:Beverages and beverages preparations,Alimentos e bebidas à base de plantas,Bebidas,Alimentos à base de plantas,Cereais e Batatas,en:Dairy substitutes,Cereais e seus produtos,Substitutos do leite,Bebidas à base de plantas,Leites de planta,Leites de cereais,Bebidas de aveia","['en:beverages-and-beverages-preparations', 'en:plant-based-foods-and-beverages', 'en:beverages', 'en:plant-based-foods', 'en:cereals-and-potatoes', 'en:dairy-substitutes', 'en:cereals-and-their-products', 'en:milk-substitutes', 'en:plant-based-beverages', 'en:plant-based-milk-alternatives', 'en:cereal-based-drinks', 'en:oat-based-drinks']","Alpro","['alpro']","","","Bélgica,Finlândia,França,Alemanha,Hungria,Itália,Países Baixos,Portugal,Espanha,Suíça,Turquia,Reino Unido","a","","_Haferbasis_ (97,0%) (Wasser, _Hafer_ (8,3%)), löslicher Mais-Ballaststoff, Sonnenblumenöl, Calcium (Calciumcarbonat), Meersalz, Stabilisator (Gellan), Vitamine B2, B12, D2.","","40","0.2","5.8","1.5",""
"nutella","59032823","1586631192","1731441139","Breakfasts, Spreads, Sweet spreads, fr:Pâtes à tartiner, Creme para barrar de avelã, Creme para barrar de avelã e cacau, Creme para barrar de chocolate, Doces para barrar, Gorduras para barrar, Pequenos alomoços, Produtos para barrar, en:cocoa-and-hazelnuts-spreads","['en:breakfasts', 'en:spreads', 'en:sweet-spreads', 'fr:pates-a-tartiner', 'en:hazelnut-spreads', 'en:chocolate-spreads', 'en:cocoa-and-hazelnuts-spreads', 'en:creme-para-barrar-de-avela', 'en:creme-para-barrar-de-avela-e-cacau', 'en:creme-para-barrar-de-chocolate', 'en:doces-para-barrar', 'en:gorduras-para-barrar', 'en:pequenos-alomocos', 'en:produtos-para-barrar']","Nutella,Ferrero","['nutella', 'ferrero']","","","França,Alemanha,Países Baixos,Roménia,Suécia,Suíça","e","","Sucre, huile de palme, _NOISETTES_ 13%, _LAIT_ écrémé en poudre 8,7%, cacao maigre 7,4%, émulsifiants : lécithines [_SOJA_] ; vanilline.","","539","6.3","57.5","30.9",""
"14 Maxi Tranches complet sans sucres ajoutés","3029330022428","1460900008","1731335033","Plant-based foods and beverages, Plant-based foods, Cereals and potatoes, Breads, Sliced breads, Wholemeal breads, Wholemeal sliced breads","['en:plant-based-foods-and-beverages', 'en:plant-based-foods', 'en:cereals-and-potatoes', 'en:breads', 'en:sliced-breads', 'en:wholemeal-breads', 'en:wholemeal-sliced-breads']","Jacquet","['jacquet']","France,Auvergne","France,Auvergne","France,Suisse","a","","Ingrédients: Farine complète de blé (63%), eau, farine de blé (2,2%), huile de colza, levure, arôme naturel (contient alcool), sel, farine de maïs fermentée, gluten de blé, jus d'acérola en poudre. Présence possible de: Lait, œufs, graines de sésame.","en:en:en:en:en:eggs  en:milk  en:sesame-seeds","243","8.7","42","3",""
"RICORE Original, Café & Chicorée, Boîte 260g","7613035676497","1524679822","1731330309","Boissons et préparations de boissons,Aliments et boissons à base de végétaux,Boissons,Aliments d'origine végétale,Boissons à base de végétaux,Préparations pour boissons,Cafés,Boissons instantanées,en:Instant coffee substitutes,Cafés solubles,Chicorée soluble,Chicorée et café en poudre soluble,Produits déshydratés,Produits lyophilisés à reconstituer","['en:beverages-and-beverages-preparations', 'en:plant-based-foods-and-beverages', 'en:beverages', 'en:plant-based-foods', 'en:plant-based-beverages', 'en:beverage-preparations', 'en:dried-products', 'en:dried-products-to-be-rehydrated', 'en:coffees', 'en:instant-beverages', 'en:instant-coffee-substitutes', 'en:instant-coffees', 'en:instant-chicory', 'en:instant-mix-of-chicory-and-coffee-powder']","Nestlé","['nestle']","Café origine non UE,Chicorée de France et Inde,Chicorée principalement du nord de la France,France","France","France,Allemagne,Suisse","e","","Café soluble 33,2%, fibres de chicorée (oligofructose) 33%, chicorée soluble 30%, sulfate de magnésium.","","141","2.7","9.1","0.5",""
"Excellence 70% Cocoa Intense Dark","3046920028004","1341598583","1731483813","Lanches comida,Lanches doces,Cacau e derivados,Chocolates,Chocolates amargos,en:Extra fine dark chocolates","['en:snacks', 'en:sweet-snacks', 'en:cocoa-and-its-products', 'en:chocolates', 'en:dark-chocolates', 'en:extra-fine-dark-chocolates']","Lindt","['lindt']","","France","Austrália,Bélgica,Canadá,República Checa,Dinamarca,Estónia,França,Alemanha,Hungria,República da Irlanda,Itália,Líbano,Marrocos,Países Baixos,Portugal,Sérvia,Espanha,Suíça,Reino Unido","e","","Cocoa mass, sugar, cocoa butter, vanilla.","en:milk,en:nuts,en:sesame-seeds,en:soybeans","566","9.5","34","41",""
"Figolu","7622201133337","1586948700","1725182850","Snacks, Snacks sucrés, Biscuits et gâteaux, Biscuits, Biscuits fourrés, Biscuits sec fourré à la pâte de fruits","['en:snacks', 'en:sweet-snacks', 'en:biscuits-and-cakes', 'en:biscuits', 'en:filled-biscuits', 'en:biscuit-filled-with-fruit-paste']","LU,Mondelez","['lu', 'mondelez']","Non indiqué","Non précisé","France,Guadeloupe","d","","Farine de blé 34 %, pâte de figues 26 %, sucre, huile de palme, sirop de glucose-fructose, sirop de glucose, sirop de sucre partiellement inverti, sel, poudres à lever (carbonates de sodium, carbonates d'ammonium), correcteur d'acidité (acide citrique). Peut contenir lait.","en:milk","400","4.69","71.9","8.12",""
"Coca-Cola","5449000054227","1340100016","1731536316","Getränke und Getränkezubereitungen,Getränke,Kohlensäurehaltige Getränke,Erfrischungsgetränke,Cola,Gezuckerte Getränke","['en:beverages-and-beverages-preparations', 'en:beverages', 'en:carbonated-drinks', 'en:sodas', 'en:colas', 'en:sweetened-beverages']","Coca-Cola","['coca-cola']","","Portugal","Italien,Österreich","unknown","","water, fructose - glucose syrup, carbon dioxide, colorant: e150d, acid: phosphoric acid, natural flavorings (including caffeine)","","42","0","10.8","0",""
"eau minerale","7613036249928","1510729071","1731319115","Beverages and beverages preparations, Beverages, Waters, Spring waters, Mineral waters, Natural mineral waters, en:unsweetened-beverages","['en:beverages-and-beverages-preparations', 'en:beverages', 'en:waters', 'en:spring-waters', 'en:mineral-waters', 'en:unsweetened-beverages', 'en:natural-mineral-waters']","Vittel,Nestlé Waters,Nestlé","['vittel', 'nestle-waters', 'nestle']","France","France  Vittel","Belgique,France,Luxembourg","a","","Minéralisation caractéristique (mg/L) : Calcium 240 / Magnésium 42 / Sodium 5,2 / Sulfate 400 / Hydrogénocarbonate 384 / Nitrate 4,4 / Résidu sec à 180°C : 1084. pH = 7,6.","","","","","",""
"Krisprolls complets sans sucres ajoutés","7311070032611","1558345581","1731230888","Aliments et boissons à base de végétaux,Aliments d'origine végétale,Céréales et pommes de terre,Pains,Pains grillés,Petits pains grillés","['en:plant-based-foods-and-beverages', 'en:plant-based-foods', 'en:cereals-and-potatoes', 'en:breads', 'en:toasts', 'en:toasted-bread-rolls']","Krisprolls","['krisprolls']","Suède","Suède","France","a","","whole blé flour (63%), blé flour, vegetable oils (palme, colza), yeast, orge malt, salt,","","400","13","68","6.6",""
"1848 Chocolat en poudre","16256866","1536930591","1689691154","Boissons, Cacao et dérivés, Cacaos et chocolats en poudre, Boissons instantanées, Chocolats en poudre, en:B","['en:beverages', 'en:cocoa-and-its-products', 'en:cocoa-and-chocolate-powders', 'en:instant-beverages', 'en:chocolate-powders', 'en:b']","Poulain","['poulain']","Africa,fr:Fèves de cacao d'origine Afrique","","France,Martinique","a","","Cacao maigre (11% de beurre de cacao) en poudre (50%), sucre, arôme. Peut contenir lait et soja.","en:milk,en:soybeans","351","11","55","5.8",""
"Levure de bière","3175680015228","1366889844","1716206347","Condiments,Additifs alimentaires,Levure alimentaire,Levures de bière","['en:condiments', 'en:food-additives', 'en:nutritional-yeast', 'en:yeast']","Gerblé","['gerble']","France","Nutrition et santé SAS,Route de Castelnaudary,31250,Revel,France","France,La Réunion,Suisse","not-applicable","","Levure de bière 93%, extrait de malt d'orge 7%","en:celery,en:eggs,en:lupin,en:milk,en:nuts,en:sesame-seeds,en:soybeans","323","46","12","4.6",""
"Granola","7622210601988","1464966440","1727842851","Snacks,Sweet snacks,Biscuits and cakes,Biscuits,Chocolate biscuits,Shortbread cookies,Biscuit with chocolate covering,Digestives covered with chocolate,Shortbread cookie with chocolate","['en:snacks', 'en:sweet-snacks', 'en:biscuits-and-cakes', 'en:biscuits', 'en:chocolate-biscuits', 'en:shortbread-cookies', 'en:biscuit-with-chocolate-covering', 'en:digestives-covered-with-chocolate', 'en:shortbread-cookie-with-chocolate']","LU","['lu']","France","France","Belgium,France,Martinique,Réunion,Switzerland,United States","e","","Farine de BLÉ 36%, chocolat au LAIT 27 % [sucre, pâte de cacao, beurre de cacao, lactosérum en poudre (de LAIT), LAIT écrémé en poudre, graisses végétales (karité, palme en proportion variable), BEURRE concentré, émulsifiants (lécithines de SOJA, E476), lactose (de LAIT), arôme], huile de palme, farine complète de BLE 12 %, sucre, sirop de sucre, poudres à lever (carbonates de sodium, carbonates d'ammonium), sel, correcteur d'acidité (acide citrique).  Peut contenir : fruits à coque.","en:eggs,en:nuts,en:sesame-seeds","491","5.9","62","23",""
"Oméga 3® Doux","3366321051983","1480961747","1716822724","Aliments et boissons à base de végétaux, Aliments d'origine végétale, Matières grasses, Produits à tartiner, Pâtes à tartiner végétales, Produits à tartiner salés, Matières grasses à tartiner, Matières grasses végétales, Margarines, Margarines allégées, Margarines sans sel, Matière grasse végétale douce à teneur réduite en matière grasse, Pâtés végétaux, en:50-63-unsalted-vegetable-fat-margarine-type-high-in-omega-3","['en:plant-based-foods-and-beverages', 'en:plant-based-foods', 'en:fats', 'en:spreads', 'en:plant-based-spreads', 'en:salted-spreads', 'en:spreadable-fats', 'en:vegetable-fats', 'en:margarines', 'en:light-margarines', 'en:unsalted-margarines', 'en:light-unsalted-margarines', 'en:plant-based-pates', 'en:50-63-unsalted-vegetable-fat-margarine-type-high-in-omega-3']","St Hubert,St hubert omega 3","['st-hubert', 'st-hubert-omega-3']","","Ludres,54710,Lorraine,France","France,La Réunion,Suisse","c","","Huiles et stéarine végétales 50% (colza 28%, coco, karité, lin 5,7%), eau, émulsifiants (mono et diglycérides d'acides gras, lécithine de SOJA), sel, arômes, stabilisant (pectine), colorant (bêta-carotène), vitamine B1. Traces éventuelles d'ARACHIDES.","en:milk,en:peanuts","468","0","0","52",""
"Weetabix","5010029000016","1422141780","1722584956","Plant-based foods and beverages, Plant-based foods, Breakfasts, Cereals and potatoes, Cereals and their products, Breakfast cereals","['en:plant-based-foods-and-beverages', 'en:plant-based-foods', 'en:breakfasts', 'en:cereals-and-potatoes', 'en:cereals-and-their-products', 'en:breakfast-cereals']","Weetabix","['weetabix']","","","France,Ireland,United Kingdom","a","","wholegrain wheat (95%), malted barley extract, sugar, salt, niacin, iron, riboflavin (b2), thiamin (bi), acid,","","362","12","69","2",""
"Zero Sugar","5449000131836","1365679416","1729238066","en:Beverages and beverages preparations,Bebidas,Bebidas carbonatadas,Bebidas artificialmente doçeadas,Sodas,Bebidas dietéticas,Colas,en:Diet sodas,en:Diet cola soft drink","['en:beverages-and-beverages-preparations', 'en:beverages', 'en:carbonated-drinks', 'en:artificially-sweetened-beverages', 'en:sodas', 'en:diet-beverages', 'en:colas', 'en:diet-sodas', 'en:diet-cola-soft-drink']","Coca-Cola","['coca-cola']","","Suisse","Áustria,Bélgica,França,Alemanha,Guernsey,Hungria,Itália,Marrocos,Portugal,Roménia,Sérvia,Espanha,Suíça,Tunísia,Reino Unido","b","","water, carbonic acid, colouring, e 150 sweeteners: cyclamate, acesulfame k and aspartame, acidifiers: e 338, acidity regulator: sodium citrates, natural flavourings, flavouring caffeine","en:none","0.4","0","0","0",""
"Nestlé Dessert","7613035040823","1433065227","1728504062","Snacks,Desserts,Sweet snacks,Cocoa and its products,Chocolates,Dark chocolates,Dark chocolate bar,Dark chocolate bar for cooking with more than 40% cocoa","['en:snacks', 'en:desserts', 'en:sweet-snacks', 'en:cocoa-and-its-products', 'en:chocolates', 'en:dark-chocolates', 'en:dark-chocolate-bar', 'en:dark-chocolate-bar-for-cooking-with-more-than-40-cocoa']","Nestlé,Nestlé Dessert","['nestle', 'nestle-dessert']","Madagascar,Afrique,Amérique du Sud","","Belgium,France,Germany,Réunion,Switzerland","e","","Sucre, pâte de cacao (Afrique de l'Ouest, Amérique du Sud), beurre de cacao, émulsifiant (lécithine), arôme naturel de vanille de Madagascar. Cacao : 53% minimum. Peut contenir : LAIT, FRUITS A COQUE.","en:milk,en:nuts","548","6","50.7","34.1",""
"hepar","7613035974685","1490533183","1728791484","Boissons,Eaux,Eaux de sources,Eaux minérales,Eaux minérales naturelles,Eau minérale naturelle non gazeuse","['en:beverages-and-beverages-preparations', 'en:beverages', 'en:waters', 'en:spring-waters', 'en:mineral-waters', 'en:natural-mineral-waters', 'en:non-carbonated-natural-mineral-waters']","Hépar,Nestlé Waters,Nestlé","['hepar', 'nestle-waters', 'nestle']","France,Eau minérale des Vosges","France","Belgique,France","a","","Pour 100ml : Calcium = 549mg / Magnésium = 119mg / Sodium = 14.2mg / Sulfate = 1530mg / Hydrogénocarbonate = 387.3mg / Nitrate = 4.3mg / Résidu sec à 180°C = 2513mg / pH 7.2","","0.0001","0.0001","0.0001","0.0001",""
"Primevère","3155251205302","1495281452","1719580321","Plant-based foods and beverages, Plant-based foods, Fats, Spreads, Plant-based spreads, Salted spreads, Spreadable fats, Vegetable fats, Margarines, Light margarines","['en:plant-based-foods-and-beverages', 'en:plant-based-foods', 'en:fats', 'en:spreads', 'en:plant-based-spreads', 'en:salted-spreads', 'en:spreadable-fats', 'en:vegetable-fats', 'en:margarines', 'en:light-margarines']","Primevère","['primevere']","","","France","c","","vegetable oils and fats non-hydrogenated 54 % (rapeseed, coconut, palm, palm kernel), water, emulsifiers : mono and diglycerides of fatty acids, sunflower lecithin, salt, natural flavourings, antioxidant : extracts of rosemary, concentrated lemon juice, colouring agents : annatto, curcumin, vitamin b1,","","495","0","0","55",""
"Monaco","7622210998095","1460804055","1729364742","Snacks,Snacks salés,Amuse-gueules,Biscuits apéritifs","['en:snacks', 'en:salty-snacks', 'en:appetizers', 'en:crackers']","Belin,Mondelez","['belin', 'mondelez']","Farine de blé origine France","La Haye Fouassière,France","Belgique,France,La Réunion,Suisse","e","","Farine de _blé_ 56,1 %, huiles végétales (palme et colza), _emmental_ râpé séché 17 %, sucre, sel, sirop de glucose-fructose, poudre à lever (carbonate acide d'ammonium, carbonate acide de sodium), farine d'_orge_ malté, lactosérum en poudre (de _lait_), levure sèche, émulsifiant (lécithine de _soja_),","en:celery,en:eggs,en:nuts,en:sesame-seeds","553","12","45","36",""
"Pain AMS complet","3228857000906","1523036052","1723381967","Aliments et boissons à base de végétaux, Aliments d'origine végétale, Céréales et pommes de terre, Pains, Pains de mie, Pains complets, Pains de mie complet","['en:plant-based-foods-and-beverages', 'en:plant-based-foods', 'en:cereals-and-potatoes', 'en:breads', 'en:sliced-breads', 'en:wholemeal-breads', 'en:wholemeal-sliced-breads']","Harrys","['harrys']","France","France","Belgien,Frankreich,Guadeloupe,Schweiz","b","","Farine complète de blé 38%, eau, farine de blé, huile de colza, sucre, arôme (contient alcool), sel, gluten de blé, farine de seigle maltée, vinaigre, levure, extrait d'acérola. peut contenir des traces d'oeufs, soja, lait, fruits a coque, graines de sésame.","en:eggs,en:milk,en:nuts,en:sesame-seeds,en:soybeans","253","7.7","41.7","4.5",""
"Muesli Superfruits","3229820782560","1380227029","1725630672","Plant-based foods and beverages,Plant-based foods,Breakfasts,Cereals and potatoes,Cereals and their products,Breakfast cereals,Cereals with fruits,Mueslis,Mueslis with fruits","['en:plant-based-foods-and-beverages', 'en:plant-based-foods', 'en:breakfasts', 'en:cereals-and-potatoes', 'en:cereals-and-their-products', 'en:breakfast-cereals', 'en:cereals-with-fruits', 'en:mueslis', 'en:mueslis-with-fruits']","Bjorg","['bjorg']","European Union and Non European Union","Allemagne","Belgium,France,Martinique,Mexico,Morocco,Réunion,Spain,Switzerland","a","","Flocons d'_avoine_ complète 60 %, raisins secs* 18 % (raisins secs*, huile de tournesol*), flocons d'_épeautre_* complets (_blé_) 12 %, flocons de _blé_* complet toasté 5 %, amandes* entières 3 %, canneberges lyophilisées* 0,7 %, cassis lyophilisés* 0,7 %, myrtilles lyophilisées* 0,7 %,","en:milk,en:nuts,en:sesame-seeds,en:soybeans,en:sulphur-dioxide-and-sulphites","357","11","60","6",""
"Sunny Via Agave syrup squeeze bottle imp","3088543506255","1341504494","1726741645","Aliments et boissons à base de végétaux,Aliments d'origine végétale,Édulcorants,Sirops,Sirops simples,Sirops d'agave","['en:plant-based-foods-and-beverages', 'en:plant-based-foods', 'en:sweeteners', 'en:syrups', 'en:simple-syrups', 'en:agave-syrups']","Sunny Via","['sunny-via']","Mexique,en:Mexique","France","France,Polynésie française,Guadeloupe,La Réunion,Suisse","d","","agave syrup","","320","0.5","80","0.5",""
"pain de mie grandes tranches spécial sandwich complet","4056489007180","1532708988","1731502686","Aliments et boissons à base de végétaux,Aliments d'origine végétale,Céréales et pommes de terre,Pains,Pains de mie,Pains complets,Pains de mie complet","['en:plant-based-foods-and-beverages', 'en:plant-based-foods', 'en:cereals-and-potatoes', 'en:breads', 'en:sliced-breads', 'en:wholemeal-breads', 'en:wholemeal-sliced-breads']","maitre jean pierre","['maitre-jean-pierre']","","Allemagne","France","a","","Farine de _blé_ complet 60%, eau, farine de _blé_, huile de colza, sucre, levure, sel, farine de fève, correcteur d'acidité (acétates de sodium), arôme naturel, alcool","en:lupin,en:milk,en:mustard,en:soybeans","258","8.3","43","4.5",""
"Pain grillé au blé complet","3017760542890","1425121681","1721589408","Aliments et boissons à base de végétaux, Aliments d'origine végétale, Céréales et pommes de terre, Pains, Biscottes, Pains grillés","['en:plant-based-foods-and-beverages', 'en:plant-based-foods', 'en:cereals-and-potatoes', 'en:breads', 'en:rusks', 'en:toasts']","Pelletier, LU, Mondelez","['pelletier', 'lu', 'mondelez']","","France","France,Suisse, en:reunion","c","","farine de blé 86%, farine complète de blé 15%, levure, huile de palme, sirop de glucose - fructose, sel, farine de blé malté, acidifiant (acide lactique), farine de seigle, agent de traitement de la farine (acide ascorbique) peut contenir lait, soja, moutarde","en:celery,en:eggs,en:lupin,en:milk,en:mustard,en:nuts,en:sesame-seeds,en:soybeans","388","12","71","4.9",""
"Belvita Original Petit-Déjeuner miel et pépites de chocolat","7622210713889","1495700403","1722503566","Snacks,Petit-déjeuners,Snacks sucrés,Biscuits et gâteaux,Biscuits,Biscuits au chocolat,Biscuit aux céréales pour petit déjeuner enrichis en vitamines et minéraux","['en:snacks', 'en:breakfasts', 'en:sweet-snacks', 'en:biscuits-and-cakes', 'en:biscuits', 'en:chocolate-biscuits', 'en:dry-biscuits', 'en:breakfast-biscuit-with-cereals-fortified-with-vitamins-and-chemical-elements']","LU","['lu']","Non indiqué","","Belgique,France,Polynésie française,La Réunion,Suisse","d","","Céréales 59,7 % [céréales complètes 39,6 % (farine complète de blé 19,8 %, flocons d'avoine 10,6 %, farine complète d'orge 4,9 %, farine complète de seigle 3,3 %, farine complète d'épeautre (blé) 1 %), farine de blé 20,1 %], sucre, huile de colza, pépites de chocolat 8,5 % [sucre, pâte de cacao, huiles végétales (palme et karité en proportions variables), dextrose, beurre de cacao, émulsifiant (lécithines de soja)l, miel de fleurs 5 %, sirop de glucose-fructose, minéraux (carbonate de calcium, carbonate de magnésium, fer élémentaire), poudres à lever (carbonates sodium, de diphosphates, carbonates d'ammonium), sel, émulsifiants (lécithines de soja, E472e), arôme, lait écrémé en poudre. Peut contenir œuf, fruits à coque, sésame.","en:eggs,en:nuts,en:sesame-seeds","444","7.3","67","15",""
"Biscuits goût chocolat","3061990143365","1610291852","1718113740","Snacks, Snacks sucrés, Biscuits et gâteaux, Biscuits, Biscuits au chocolat, Biscuits fourrés","['en:snacks', 'en:sweet-snacks', 'en:biscuits-and-cakes', 'en:biscuits', 'en:chocolate-biscuits', 'en:filled-biscuits']","BN","['bn']","Fabriqué en France à vertou près de Nantes","France,Vertou","Belgique,France,La Réunion,Suisse","d","","Céréales [farine de froment (33%), céréales complètes (15,1%) (farine complète de froment (15%), farine complète de seigle, farine complète d'orge)]- sucre - matières grasses végétales (palme, palmiste, colza) - cacao maigre (4,7%) - amidons (blé) - sirop de glucose - poudres à lever carbonates d'ammonium et de sodium - sel - lait écrémé en poudre perméat de lactosérum en poudre (lait) - émulsifiant : lecithines de tournesol - arômes. Peut contenir des traces de fruits à coque","en:nuts,en:sesame-seeds,en:soybeans","463","6.5","69","17",""
"Pains au lait x10","3256540000698","1424944949","1713918514","fr:produit inconnu, en:milk-bread-rolls","['en:snacks', 'en:sweet-snacks', 'en:sweet-pastries-and-pies', 'en:viennoiseries', 'en:milk-bread-rolls', 'fr:produit-inconnu']","Pasquier","['pasquier']","France","France","Belgique,France,Suisse,Royaume-Uni,États-Unis","c","","Farine de _blé_ 43%, Levain 21% (Farine de _blé_ 11%, Eau, Sel), Sucre, _Œufs_ frais 11%, _Beurre_ pâtissier, Huile de colza, Levure, _Lait_ écrémé en poudre (Équivalent à 10% de lait écrémé reconstitué), Émulsifiant: mono et diglycérides d'acides gras, Sel, Protéines de _blé_, _Gluten_ de blé, Extrait de carotte, Agent de traitement de la farine : acide ascorbique, Protéines de _lait_","en:nuts,en:peanuts,en:soybeans","353","8.6","55","11",""
"St hubert bio doux 230g ss hdp","3366321052386","1599309679","1721986675","Aliments et boissons à base de végétaux, Aliments d'origine végétale, Matières grasses, Produits à tartiner, Pâtes à tartiner végétales, Produits à tartiner salés, Matières grasses à tartiner, Matières grasses végétales, Margarines, Margarines allégées","['en:plant-based-foods-and-beverages', 'en:plant-based-foods', 'en:fats', 'en:spreads', 'en:plant-based-spreads', 'en:salted-spreads', 'en:spreadable-fats', 'en:vegetable-fats', 'en:margarines', 'en:light-margarines']","St Hubert,St hubert bio, St hubert bio & vegetal","['st-hubert', 'st-hubert-bio', 'st-hubert-bio-vegetal']","","France","France","d","","Huiles végétales 54% (karité*, tournesol oléique* 14%, coco*, colza* 11%), eau, émulsifiant (lécithine de SOJA*), sel, arôme naturel de carotte, jus de citron*, stabilisant (pectine). *Ingrédients issus de l'agriculture biologique.","","495","0","0","55",""
"Pain de mie grandes tranches Seigle & Graines 500g","3760049798609","1553338554","1729684796","Plant-based foods and beverages,Plant-based foods,Cereals and potatoes,Seeds,Cereals and their products,Cereal grains,Breads,Secale,Sliced breads,Rye,Rye breads","['en:plant-based-foods-and-beverages', 'en:plant-based-foods', 'en:cereals-and-potatoes', 'en:seeds', 'en:cereals-and-their-products', 'en:cereal-grains', 'en:breads', 'en:secale', 'en:sliced-breads', 'en:rye', 'en:rye-breads']","La Boulangère","['la-boulangere']","France","85140 Essarts en Bocage","France","a","","Farine de BLÉ* 41 % , eau, graines de lin brun 6,1 %, graines de lin jaune 6,1 %, graines de tournesol décortiquées 6 %, farine de SEIGLE 5,1 %, GLUTEN DE BLÉ, farine d'ORGE maltée torréfiée, levure, extrait de malt d'ORGE, sel, vinaigre, arôme naturel (contient alcool), conservateur : propionate de calcium, antioxydant : extrait d'acérola. Traces éventuelles d'œufs, lait, graines de sésame, soja et moutarde. * Ingrédient issu du commerce équitable français.","en:eggs,en:milk,en:mustard,en:sesame-seeds,en:soybeans","297","12","37","9.6",""
"Excellence 85% Cacao Rich Dark","3046920028363","1342037422","1729507726","Lanches comida,Lanches doces,Cacau e derivados,Chocolates,Chocolates amargos,en:Dark chocolate bar with more than 70% cocoa,en:Extra fine dark chocolates","['en:snacks', 'en:sweet-snacks', 'en:cocoa-and-its-products', 'en:chocolates', 'en:dark-chocolates', 'en:dark-chocolate-bar-with-more-than-70-cocoa', 'en:extra-fine-dark-chocolates']","Lindt","['lindt']","","France","Andorra,Áustria,Bélgica,Bulgária,Dinamarca,França,Alemanha,Hungria,Itália,Marrocos,Países Baixos,Nova Zelândia,Polónia,Portugal,Roménia,Rússia,Espanha,Suíça,Reino Unido","e","","Cocoa mass, fat-reduced cocoa, cocoa butter, demerara sugar, vanilla.","en:gluten,en:milk,en:nuts,en:sesame-seeds,en:soybeans","584","12.5","22","46",""
"Fourrés - Chocolat Noir","3229820100234","1366110700","1728732596","Snacks, Snacks sucrés, Biscuits et gâteaux, Biscuits, Biscuits au chocolat, Biscuits fourrés, Biscuits au chocolat noir","['en:snacks', 'en:sweet-snacks', 'en:biscuits-and-cakes', 'en:biscuits', 'en:chocolate-biscuits', 'en:filled-biscuits', 'en:dark-chocolate-biscuits']","Bjorg","['bjorg']","France,European Union and Non European Union","France","France,Luxembourg,Switzerland","d","","Farine de blé 39 %, chocolat noir 25 % (pâte de cacao, sucre de canne, beurre de cacao), sucre de canne roux non raffiné, farine complète de blé 15 %, huile de tournesol oléique, arôme naturel de vanille, lait écrémé en poudre, sel de mer, poudres à lever : carbonates d'ammonium, carbonates de sodium, épaississant : gomme d'acacia, antioxydant : extraits de romarin.","en:eggs,en:mustard,en:nuts,en:sesame-seeds,en:soybeans","481","7.6","65","20",""
"wasa","7300400481571","1442695359","1731127893","Aliments et boissons à base de végétaux, Aliments d'origine végétale, Céréales et pommes de terre, Pains, Pains croustillants","['en:plant-based-foods-and-beverages', 'en:plant-based-foods', 'en:cereals-and-potatoes', 'en:breads', 'en:crispbreads']","Wasa,Barilla","['wasa', 'barilla']","Non indiqué","Allemagne","France,Guadeloupe,Italie,Suisse","a","","Farine complète de SEIGLE (110 g*), sel. *en g pour 100 g de produit. Peut contenir des traces de LUPIN, LAIT, MOUTARDE, GRAINES DE SÉSAME et SOJA.","en:lupin,en:milk,en:mustard,en:sesame-seeds,en:soybeans","338","9","62","1.5",""
"Doux 70% noir subtil","3046920029780","1526828413","1729982271","Snacks,Sweet snacks,Cocoa and its products,Chocolates,Dark chocolates,Dark chocolate bar with more than 70% cocoa","['en:snacks', 'en:sweet-snacks', 'en:cocoa-and-its-products', 'en:chocolates', 'en:dark-chocolates', 'en:dark-chocolate-bar-with-more-than-70-cocoa']","Lindt","['lindt']","","Allemagne","Australia,Denmark,France,Germany,Morocco,Spain,Switzerland,New Zealand","e","","cocoa mass, sugar, cocoa butter, emulsifier (soya lecithin), vanilla, may contain hazelnuts, almonds, milk,","en:milk,en:nuts","605","6.9","33","48",""
"Biscuit soja orange","3175680011442","1410359514","1730052573","Snacks,Petit-déjeuners,Snacks sucrés,Biscuits et gâteaux,Biscuits sucrés & biscuits apéritifs,Biscuits,Biscuits croustillants,Biscuit sec croquant allégé en matière grasse,Biscuits secs,Biscuits sablés,Biscuit sec pour petit déjeuner,Biscuit sec aux fruits","['en:snacks', 'en:breakfasts', 'en:sweet-snacks', 'en:biscuits-and-cakes', 'en:biscuits-and-crackers', 'en:biscuits', 'en:crispy-biscuits', 'en:diet-crispy-biscuit', 'en:dry-biscuits', 'en:shortbread-cookies', 'en:breakfast-biscuit', 'en:shortbread-biscuit-with-fruits']","Gerblé","['gerble']","France","France","France,Guadeloupe,Martinique,La Réunion","b","","Farine de _blé_ 57,7%, sucre de canne roux, huile de colza, flocons de _soja_ 7%, germe de _blé_ 5,4%, oranges déshydratées 1,5%, magnésium, sucre, amidon de maïs, jus concentré de citron émulsifiant : lécithines de colza, sel de mer, arôme naturel d'orange, calcium, poudres à lever : carbonates de sodium amidon, vitamines (E, PP, B5, B6, B1, B9).","en:en:en:en:en:en:en:en:eggs  en:lupin  en:nuts  en:sesame-seeds","444","11","66","14",""
